"ret_vwce","ret_sxrv","ret_zprr"
0.00224542190862834,0.00259550250168282,0.00279325883030442
0.00259550250168282,0.00380382655858533,0.00301531585030347
0.00279325883030442,0.00301531585030347,0.00476398751265796
